<?xml version="1.0" encoding="utf-8"?>
<feed xmlns="http://www.w3.org/2005/Atom"
    xmlns:rdf="http://www.w3.org/1999/02/22-rdf-syntax-ns#"
    xmlns:leap2="http://terms.leapspecs.org/"
    xmlns:categories="http://wiki.leapspecs.org/2A/categories/"
    xmlns:portfolio="https://eportfolio.u-pec.fr/export/leap/3580/1665664825/"
    xmlns:mahara="http://wiki.mahara.org/Developer_Area/Import%2F%2FExport/LEAP_Extensions#"
>
    <leap2:version>http://www.leapspecs.org/2010-07/2A/</leap2:version>
    <id>https://eportfolio.u-pec.fr/export/3580/1665664825</id>
    <title>Mahara Leap2A Export for Ethan LEVY, 13/10/2022 14:40</title>
    <updated>2022-10-13T14:02:25+02:00</updated>
    <generator uri="https://mahara.org/" version="2008122400">Mahara</generator>
    <author>
        <name>Ethan LEVY</name>
        <email>ethan1.levy@etu.u-pec.fr</email>
        <uri>portfolio:artefactinternal</uri>
    </author>

    <entry>
        <title>Profile page</title>
        <id>portfolio:view30769</id>

        <updated>2022-09-20T16:04:36+02:00</updated>
        <published>2022-09-20T16:04:30+02:00</published>

        <summary type="xhtml"><div xmlns="http://www.w3.org/1999/xhtml"><div>Your profile page is what others see when they click on your name or profile picture.</div></div></summary>

   <subtitle type="xhtml"><div xmlns="http://www.w3.org/1999/xhtml"><div></div></div></subtitle>
        <content type="xhtml"><div xmlns="http://www.w3.org/1999/xhtml"><div><div id="user_block_131884"><div class="bt-profileinfo gridstackblock card card-secondary card-regular clearfix" id="user_blockinstance_131884">
    
    
    
        <h2 class="title card-header js-heading">
            

            <span class="collapse-inline">
                About me
                
            </span>

            

        </h2>
    

    <div class="block" id="user_blockinstance_131884_target">
        
        
            
    
    <div class="card-body flush">
    
    
    
    
        <ul class="unstyled profile-info">
        
            <li><strong>Prénom:</strong> Ethan</li>
        
            <li><strong>Nom:</strong> LEVY</li>
        
            <li><strong>Identifiant étudiant:</strong> u32206376</li>
        
            <li><strong>Nom préféré:</strong> Ethan Levy</li>
        
        </ul>
    
    
    
    
    </div>
    


        
    </div>
</div>
</div><div id="user_block_131886"><div class="bt-myfriends gridstackblock card card-secondary clearfix" id="user_blockinstance_131886">
    
    
    
        <h2 class="title card-header js-heading">
            

            <span class="collapse-inline">
                Mes contacts
                
            </span>

            

        </h2>
    

    <div class="block" id="user_blockinstance_131886_target">
        
        
            <div class="friends card-body">

    <div id="user_userfriendstable">
       <div class="js-masonry user-thumbnails">

    
        <a href="https://eportfolio.u-pec.fr/user/view.php?id=3574" class="item user-icon metadata user-icon-100 d0">
            <img src="https://eportfolio.u-pec.fr/theme/raw/images/no_userphoto.png" alt="Image du profil de Toli Ince" height="100" />
            </a><p class="member-name"><a href="https://eportfolio.u-pec.fr/user/view.php?id=3574" class="item user-icon metadata user-icon-100 d0">Toli Ince</a></p><a href="https://eportfolio.u-pec.fr/user/view.php?id=3574" class="item user-icon metadata user-icon-100 d0">
        </a>
    

</div>

    </div>
    <div id="user_myfriends_page_container" class="d-none">
        
    </div>
    

</div>

        
    </div>
</div>
</div><div id="user_block_131887"><div class="bt-wall gridstackblock card card-secondary clearfix" id="user_blockinstance_131887">
    
    
    
        <h2 class="title card-header js-heading">
            

            <span class="collapse-inline">
                Mur
                
            </span>

            

        </h2>
    

    <div class="block" id="user_blockinstance_131887_target">
        
        
            
<div class="form-group requiredmarkerdesc d-none">Les rubriques avec un « * » doivent être saisies.</div><div id="user_wallpost_131887_postsizelimit_container" class="metadata html form-group">Au maximum 1500 caractères par message.</div>
<div id="user_wallpost_131887_text_container" class="html required wysiwyg form-group">Envoyer <span class="requiredmarker">*</span></div>
<div id="user_wallpost_131887_private_container" class="switchbox form-group">Rendre votre message privé ?<div class="form-switch">
    <div class="switch">
        

        
            <span class="switch-inner"></span>
            <span class="switch-indicator"></span>
            <span class="state-label on">Oui</span>
            <span class="state-label off">Non</span>
        
    </div>
    
</div>
</div>
<div id="user_wallpost_131887_submit_container" class="primary submit form-group"></div>






<div id="user_wall" class="wall list-group list-group-lite list-group-top-border">
    
    
        
            <div class="list-group-item wallpost">
                <div class="usericon-heading flex-row">
                    <div class="flex-title flex-row">
                        <span class="user-icon user-icon-30 float-left">
                            <a href="https://eportfolio.u-pec.fr/user/view.php?id=3581"><img src="https://eportfolio.u-pec.fr/theme/raw/images/no_userphoto30.png" alt="Image du profil de Badr Bouziane" /></a>
                        </span>
                        <div class="flex-title"><h3 class="list-group-item-heading text-inline"><a href="https://eportfolio.u-pec.fr/user/view.php?id=3581">Badr Bouziane</a><br /><span class="postedon text-small text-midtone">20 September 2022, 17:48</span></h3></div>
                    </div>
                    
                    <div class="flex-controls">
                        <div class="btn-group btn-group-top comment-item-buttons">
                            <a href="https://eportfolio.u-pec.fr/blocktype/wall/deletepost.php?postid=623&amp;return=profile" class="btn btn-secondary btn-sm btn-group-item form-as-button float-left">
                                <span class="icon icon-trash-alt text-danger"></span>
                                <span class="sr-only">Supprimer message</span>
                            </a>
                        </div>
                    </div>
                    
                </div>

                <div class="wallpost-text push-left-for-usericon">
                    <p>pas fait</p>
<p> </p>
<p> </p>
<p> </p>
<p> </p>
<p> </p>
<p> </p>
<p> </p>
<p> </p>
<p> </p>
<p> </p>
<p> </p>
<p> </p>
<p> </p>
<p> </p>
<p> </p>
<p> </p>
<p> </p>
<p> </p>
<p> </p>
<p> </p>
<p> </p>
<p> </p>
<p> </p>
<p> </p>
<p> </p>
<p> </p>
<p> </p>
<p> </p>
<p> </p>
<p> </p>
<p> </p>
<p> </p>
<p> </p>
<p> </p>
<p> </p>
<p> </p>
<p> </p>
<p> </p>
<p> </p>
                    <div class="metadata">
                    
                    </div>
                </div>

            </div>
        
            <div class="list-group-item list-group-item-private wallpost">
                <div class="usericon-heading flex-row">
                    <div class="flex-title flex-row">
                        <span class="user-icon user-icon-30 float-left">
                            <a href="https://eportfolio.u-pec.fr/user/view.php?id=3587"><img src="https://eportfolio.u-pec.fr/theme/raw/images/no_userphoto30.png" alt="Image du profil de Samuel Babaka" /></a>
                        </span>
                        <div class="flex-title"><h3 class="list-group-item-heading text-inline"><a href="https://eportfolio.u-pec.fr/user/view.php?id=3587">Samuel Babaka</a><br /><span class="postedon text-small text-midtone">20 September 2022, 17:46</span></h3></div>
                    </div>
                    
                    <div class="flex-controls">
                        <div class="btn-group btn-group-top comment-item-buttons">
                            <a href="https://eportfolio.u-pec.fr/blocktype/wall/deletepost.php?postid=619&amp;return=profile" class="btn btn-secondary btn-sm btn-group-item form-as-button float-left">
                                <span class="icon icon-trash-alt text-danger"></span>
                                <span class="sr-only">Supprimer message</span>
                            </a>
                        </div>
                    </div>
                    
                </div>

                <div class="wallpost-text push-left-for-usericon">
                    <p><img width="1200" alt="R.jfif.1" src="https://eportfolio.u-pec.fr/artefact/file/download.php?file=86472&amp;embedded=1&amp;wallpost=619" /></p>
                    <div class="metadata">
                    <em class="privatemessage">Ce message sur le mur est privé</em>
                    </div>
                </div>

            </div>
        
            <div class="list-group-item wallpost">
                <div class="usericon-heading flex-row">
                    <div class="flex-title flex-row">
                        <span class="user-icon user-icon-30 float-left">
                            <a href="https://eportfolio.u-pec.fr/user/view.php?id=3590"><img src="https://eportfolio.u-pec.fr/theme/raw/images/no_userphoto30.png" alt="Image du profil de Hashine Mohamed Alshakaf" /></a>
                        </span>
                        <div class="flex-title"><h3 class="list-group-item-heading text-inline"><a href="https://eportfolio.u-pec.fr/user/view.php?id=3590">Hashine Mohamed Alshakaf</a><br /><span class="postedon text-small text-midtone">20 September 2022, 17:45</span></h3></div>
                    </div>
                    
                    <div class="flex-controls">
                        <div class="btn-group btn-group-top comment-item-buttons">
                            <a href="https://eportfolio.u-pec.fr/blocktype/wall/deletepost.php?postid=618&amp;return=profile" class="btn btn-secondary btn-sm btn-group-item form-as-button float-left">
                                <span class="icon icon-trash-alt text-danger"></span>
                                <span class="sr-only">Supprimer message</span>
                            </a>
                        </div>
                    </div>
                    
                </div>

                <div class="wallpost-text push-left-for-usericon">
                    <p><img width="474" alt="OIP.jfif.1" src="https://eportfolio.u-pec.fr/artefact/file/download.php?file=86469&amp;embedded=1&amp;wallpost=618" /></p>
                    <div class="metadata">
                    
                    </div>
                </div>

            </div>
        
    
</div>

    <a href="https://eportfolio.u-pec.fr/blocktype/wall/wall.php?id=131887" class="detail-link link-blocktype"><span class="icon icon-arrow-circle-right"></span> Voir tout le mur</a>


        
    </div>
</div>
</div><div id="user_block_131888"><div class="bt-myviews gridstackblock card card-secondary clearfix" id="user_blockinstance_131888">
    
    
    
        <h2 class="title card-header js-heading">
            

            <span class="collapse-inline">
                Mes portfolios
                
            </span>

            

        </h2>
    

    <div class="block" id="user_blockinstance_131888_target">
        
        
            
    <div class="list-group">
        <div id="user_myviewlist">
            
    <div class="list-group-item flush">
        <h3 class="title list-group-item-heading text-inline">
            <a href="https://eportfolio.u-pec.fr/view/view.php?id=31143">CV</a>
        </h3>

        

        

        
    </div>

    <div class="list-group-item flush">
        <h3 class="title list-group-item-heading text-inline">
            <a href="https://eportfolio.u-pec.fr/view/view.php?id=30808">Découverte mahara</a>
        </h3>

        

        
        <div class="list-group-item-text text-small">
            premiers pas mahara - première séance sae14
        </div>
        

        
    </div>


        </div>
    
        <div id="user_myviews_page_container" class="d-none"><div id="user_myviews_pagination" class="pagination-wrapper center"><div class="lead text-small results float-right">2 résultats</div></div></div>
    
    
    
    
    </div>


        
    </div>
</div>
</div><div id="user_block_131885"><div class="bt-mygroups gridstackblock card card-secondary clearfix" id="user_blockinstance_131885">
    
    
    
        <h2 class="title card-header js-heading">
            

            <span class="collapse-inline">
                Mes groupes
                
            </span>

            

        </h2>
    

    <div class="block" id="user_blockinstance_131885_target">
        
        
            
    <div class="card-body">
        <p class="no-results-small">Affilié à aucun groupe</p>
    </div>


        
    </div>
</div>
</div></div></div></content>
        <rdf:type rdf:resource="leap2:selection"/>

        <link rel="leap2:has_part" href="portfolio:artefact86314"/>
        <link rel="leap2:has_part" href="portfolio:artefact86315"/>
        <link rel="leap2:has_part" href="portfolio:artefact86316"/>
        <link rel="leap2:has_part" href="portfolio:artefact86317"/>


        <category term="Webpage" scheme="categories:selection_type#"/>





        <mahara:view mahara:newlayout="1" mahara:type="profile" mahara:ownerformat="6">
        
            
            <mahara:blockinstance mahara:blocktype="profileinfo" mahara:blocktitle="About me" mahara:positionx="0" mahara:positiony="0" mahara:height="12" mahara:width="6">
                
                    
                    <mahara:fields>[[&quot;firstname&quot;,&quot;lastname&quot;,&quot;studentid&quot;,&quot;preferredname&quot;]]</mahara:fields>
                    
                
                
                
            </mahara:blockinstance>
            
            <mahara:blockinstance mahara:blocktype="myfriends" mahara:blocktitle="" mahara:positionx="6" mahara:positiony="0" mahara:height="9" mahara:width="6">
                
                
                
            </mahara:blockinstance>
            
            <mahara:blockinstance mahara:blocktype="wall" mahara:blocktitle="" mahara:positionx="6" mahara:positiony="9" mahara:height="12" mahara:width="6">
                
                
                
            </mahara:blockinstance>
            
            <mahara:blockinstance mahara:blocktype="myviews" mahara:blocktitle="" mahara:positionx="0" mahara:positiony="12" mahara:height="5" mahara:width="6">
                
                
                
            </mahara:blockinstance>
            
            <mahara:blockinstance mahara:blocktype="mygroups" mahara:blocktitle="" mahara:positionx="0" mahara:positiony="17" mahara:height="12" mahara:width="6">
                
                
                
            </mahara:blockinstance>
            
        
        </mahara:view>
    </entry>

    <entry>
        <title>Dashboard page</title>
        <id>portfolio:view30770</id>

        <updated>2022-09-27T11:11:40+02:00</updated>
        <published>2022-09-20T16:04:30+02:00</published>

        <summary type="xhtml"><div xmlns="http://www.w3.org/1999/xhtml"><div></div></div></summary>

   <subtitle type="xhtml"><div xmlns="http://www.w3.org/1999/xhtml"><div></div></div></subtitle>
        <content type="xhtml"><div xmlns="http://www.w3.org/1999/xhtml"><div><div id="user_block_131892"><div class="bt-newviews gridstackblock card card-secondary clearfix" id="user_blockinstance_131892">
    
    
    
        <h2 class="title card-header js-heading">
            

            <span class="collapse-inline">
                Portfolios partagés avec moi
                
            </span>

            

        </h2>
    

    <div class="block" id="user_blockinstance_131892_target">
        
        
            
<div class="card-body">
    <p class="lead text-small">Aucunes pages ni collections</p>
</div>


        
    </div>
</div>
</div><div id="user_block_131890"><div class="bt-inbox gridstackblock card card-secondary clearfix" id="user_blockinstance_131890">
    
    
    
        <h2 class="title card-header js-heading">
            

            <span class="collapse-inline">
                Boîte de réception
                
            </span>

            

        </h2>
    

    <div class="block" id="user_blockinstance_131890_target">
        
        
            
    <div id="user_inboxblock" class="inboxblock list-group">
        
        <div class="collapsible list-group-item flush-collapsible">
            
                <h3 class="title list-group-item-heading"><a class="collapsed link-block" href="#message_content_maharamessage_53569">
                    
                        <span class="icon icon-wrench text-default left"></span>
                    
                    <span class="sr-only">Messages système</span>
                    <span class="subject">Nouvelle demande d'ajout à la iste des contacts</span>
                    <span class="icon icon-chevron-down collapse-indicator float-right"></span>
                </a></h3>
            
            <div class="collapse" id="user_message_content_maharamessage_53569">
                
                    <p class="content-text">Toli Ince vous demande de l'ajouter à votre liste de contacts. Vous pouvez accepter cette demande soit en cliquant sur le lien ci-dessous, soit en allant sur la page contenant la liste de vos contacts. La raison qui est accompagne cette demande est :<br />
    ajoute bb</p>
                    
                        <a href="user/view.php?id=3574" class="text-small">
                            Demandes d'affiliation <span class="icon icon-arrow-right mls icon-sm"></span>
                        </a>
                    
                    
                
            </div>
        </div>
        
        <div class="collapsible list-group-item flush-collapsible">
            
                <h3 class="title list-group-item-heading"><a class="collapsed link-block" href="#message_content_wallpost_53259">
                    
                        <span class="icon icon-wall text-default left"></span>
                    
                    <span class="sr-only">Messages du mur</span>
                    <span class="subject">Nouveau message sur votre mur</span>
                    <span class="icon icon-chevron-down collapse-indicator float-right"></span>
                </a></h3>
            
            <div class="collapse" id="user_message_content_wallpost_53259">
                
                    <p class="content-text">pas fait<br /><br /> <br /><br /> <br /><br /> <br /><br /> <br /><br /> <br /><br /> <br /><br /> <br /><br /> <br /><br /> <br /><br /> <br /><br /> <br /><br /> <br /><br /> <br /><br /> <br /><br /> <br /><br /> <br /><br /> <br /><br /> <br /><br /> <br /><br /> <br /><br /> <br /><br /> <br /><br /> <br /><br /> <br /><br /> <br /><br /> <br /><br /> <br /><br /> <br /><br /> <br /><br /> <br /><br /> <br /><br /> <br /><br /> <br /><br /> <br /><br /> <br /><br /> <br /><br /> <br /><br /> <br /><br /> </p>
                    
                        <a href="blocktype/wall/wall.php?id=131887" class="text-small">
                            Voir tout le mur <span class="icon icon-arrow-right mls icon-sm"></span>
                        </a>
                    
                    
                
            </div>
        </div>
        
        <div class="collapsible list-group-item flush-collapsible">
            
                <h3 class="title list-group-item-heading"><a class="collapsed link-block" href="#message_content_usermessage_543">
                    
                        <span class="icon icon-envelope text-default left"></span>
                    
                    <span class="sr-only">Messages des autres utilisateurs</span>
                    <span class="subject">cadeau</span>
                    <span class="icon icon-chevron-down collapse-indicator float-right"></span>
                </a></h3>
            
            <div class="collapse" id="user_message_content_usermessage_543">
                
                    <p class="content-text"><a href="https://eportfolio.u-pec.fr/view/view.php?t=VrWKkQ9RqTJ0H1YFUnu4">https://eportfolio.u-pec.fr/view/view.php?t=VrWKkQ9RqTJ0H1YFUnu4</a><br />
</p>
                    
                    
                        <a title="Répondre" href="https://eportfolio.u-pec.fr/module/multirecipientnotification/sendmessage.php?id=3579&amp;replyto=543&amp;returnto=outbox" class="text-small">
                            <span class="icon icon-reply left"></span>
                            Répondre
                        </a>
                    
                
            </div>
        </div>
        
        <div class="collapsible list-group-item flush-collapsible">
            
                <h3 class="title list-group-item-heading"><a class="collapsed link-block" href="#message_content_wallpost_53255">
                    
                        <span class="icon icon-wall text-default left"></span>
                    
                    <span class="sr-only">Messages du mur</span>
                    <span class="subject">Nouveau message sur votre mur</span>
                    <span class="icon icon-chevron-down collapse-indicator float-right"></span>
                </a></h3>
            
            <div class="collapse" id="user_message_content_wallpost_53255">
                
                    <p class="content-text">![R.jfif.1][1]<br /><br />[1] <a href="https://eportfolio.u-pec.fr/artefact/file/download.php?file=86472&amp;embedded=1">https://eportfolio.u-pec.fr/artefact/file/download.php?file=86472&amp;embedded=1</a></p>
                    
                        <a href="blocktype/wall/wall.php?id=131887" class="text-small">
                            Voir tout le mur <span class="icon icon-arrow-right mls icon-sm"></span>
                        </a>
                    
                    
                
            </div>
        </div>
        
        <div class="collapsible list-group-item flush-collapsible">
            
                <h3 class="title list-group-item-heading"><a class="collapsed link-block" href="#message_content_wallpost_53254">
                    
                        <span class="icon icon-wall text-default left"></span>
                    
                    <span class="sr-only">Messages du mur</span>
                    <span class="subject">Nouveau message sur votre mur</span>
                    <span class="icon icon-chevron-down collapse-indicator float-right"></span>
                </a></h3>
            
            <div class="collapse" id="user_message_content_wallpost_53254">
                
                    <p class="content-text">![OIP.jfif.1][1]<br /><br />[1] <a href="https://eportfolio.u-pec.fr/artefact/file/download.php?file=86469&amp;embedded=1">https://eportfolio.u-pec.fr/artefact/file/download.php?file=86469&amp;embedded=1</a></p>
                    
                        <a href="blocktype/wall/wall.php?id=131887" class="text-small">
                            Voir tout le mur <span class="icon icon-arrow-right mls icon-sm"></span>
                        </a>
                    
                    
                
            </div>
        </div>
        
    </div>
    
    <div class="artefact-detail-link">
        <a class="link-blocktype last" href="https://eportfolio.u-pec.fr/module/multirecipientnotification/inbox.php?type=feedback,groupmessage,institutionmessage,maharamessage,usermessage,viewaccess,watchlist,wallpost">
        <span class="icon icon-arrow-circle-right"></span>
        Plus</a>
    </div>
    
    


        
    </div>
</div>
</div><div id="user_block_131891"><div class="bt-myviews gridstackblock card card-secondary clearfix" id="user_blockinstance_131891">
    
    
    
        <h2 class="title card-header js-heading">
            

            <span class="collapse-inline">
                Mes portfolios
                
            </span>

            

        </h2>
    

    <div class="block" id="user_blockinstance_131891_target">
        
        
            
    <div class="list-group">
        <div id="user_myviewlist">
            
    <div class="list-group-item flush">
        <h3 class="title list-group-item-heading text-inline">
            <a href="https://eportfolio.u-pec.fr/view/view.php?id=31143">CV</a>
        </h3>

        

        

        
    </div>

    <div class="list-group-item flush">
        <h3 class="title list-group-item-heading text-inline">
            <a href="https://eportfolio.u-pec.fr/view/view.php?id=30808">Découverte mahara</a>
        </h3>

        

        
        <div class="list-group-item-text text-small">
            premiers pas mahara - première séance sae14
        </div>
        

        
    </div>


        </div>
    
        <div id="user_myviews_page_container" class="d-none"><div id="user_myviews_pagination" class="pagination-wrapper center"><div class="lead text-small results float-right">2 résultats</div></div></div>
    
    
    
    
    </div>


        
    </div>
</div>
</div><div id="user_block_131889"><div class="bt-inbox gridstackblock card card-secondary clearfix" id="user_blockinstance_131889">
    
    
    
        <h2 class="title card-header js-heading">
            

            <span class="collapse-inline">
                Sujets que je suis
                
            </span>

            

        </h2>
    

    <div class="block" id="user_blockinstance_131889_target">
        
        
            
    <div class="card-body">
        <p class="lead text-small">Pas de messages</p>
    </div>


        
    </div>
</div>
</div></div></div></content>
        <rdf:type rdf:resource="leap2:selection"/>



        <category term="Webpage" scheme="categories:selection_type#"/>





        <mahara:view mahara:newlayout="1" mahara:type="dashboard" mahara:ownerformat="6">
        
            
            <mahara:blockinstance mahara:blocktype="newviews" mahara:blocktitle="" mahara:positionx="0" mahara:positiony="0" mahara:height="9" mahara:width="6">
                
                    
                    <mahara:limit>[5]</mahara:limit>
                    
                
                    
                    <mahara:user>[1]</mahara:user>
                    
                
                    
                    <mahara:friend>[1]</mahara:friend>
                    
                
                    
                    <mahara:group>[1]</mahara:group>
                    
                
                
                
            </mahara:blockinstance>
            
            <mahara:blockinstance mahara:blocktype="inbox" mahara:blocktitle="" mahara:positionx="6" mahara:positiony="0" mahara:height="24" mahara:width="6">
                
                    
                    <mahara:feedback>[true]</mahara:feedback>
                    
                
                    
                    <mahara:groupmessage>[true]</mahara:groupmessage>
                    
                
                    
                    <mahara:institutionmessage>[true]</mahara:institutionmessage>
                    
                
                    
                    <mahara:maharamessage>[true]</mahara:maharamessage>
                    
                
                    
                    <mahara:usermessage>[true]</mahara:usermessage>
                    
                
                    
                    <mahara:viewaccess>[true]</mahara:viewaccess>
                    
                
                    
                    <mahara:watchlist>[true]</mahara:watchlist>
                    
                
                    
                    <mahara:maxitems>[&quot;5&quot;]</mahara:maxitems>
                    
                
                    
                    <mahara:wallpost>[true]</mahara:wallpost>
                    
                
                
                
            </mahara:blockinstance>
            
            <mahara:blockinstance mahara:blocktype="myviews" mahara:blocktitle="" mahara:positionx="0" mahara:positiony="9" mahara:height="16" mahara:width="6">
                
                
                
            </mahara:blockinstance>
            
            <mahara:blockinstance mahara:blocktype="inbox" mahara:blocktitle="" mahara:positionx="6" mahara:positiony="24" mahara:height="9" mahara:width="6">
                
                    
                    <mahara:newpost>[true]</mahara:newpost>
                    
                
                    
                    <mahara:maxitems>[&quot;5&quot;]</mahara:maxitems>
                    
                
                
                
            </mahara:blockinstance>
            
        
        </mahara:view>
    </entry>

    <entry>
        <title>Découverte mahara</title>
        <id>portfolio:view30808</id>

        <updated>2022-09-20T17:05:49+02:00</updated>
        <published>2022-09-20T16:04:34+02:00</published>

        <summary type="xhtml"><div xmlns="http://www.w3.org/1999/xhtml"><div>premiers pas mahara - première séance sae14</div></div></summary>

   <subtitle type="xhtml"><div xmlns="http://www.w3.org/1999/xhtml"><div></div></div></subtitle>
        <content type="xhtml"><div xmlns="http://www.w3.org/1999/xhtml"><div><div id="user_block_132022"><div class="bt-text gridstackblock card card-secondary clearfix" id="user_blockinstance_132022">
    
    
        <div class="block-header quick-edit d-none">
    <a class="modal_link list-group-heading" href="#" title="Édition rapide">
        <span class="icon icon-pencil-alt" title="Édition rapide"></span>
        Édition rapide
    </a>
</div>

    
    
        <h2 class="title card-header js-heading">
            

            <span class="collapse-inline">
                presentation
                
            </span>

            

        </h2>
    

    <div class="block" id="user_blockinstance_132022_target">
        
        
            

<div class="textblock card-body flush">
<p><em><strong>1er bloc page decouverte mahara</strong></em></p>
<ol>
<li><em><strong>item</strong></em></li>
<li><em><strong>item</strong></em></li>
<li><em><strong>item</strong></em></li>
</ol>
</div>


        
    </div>
</div>
</div><div id="user_block_132042"><div class="bt-image gridstackblock card card-secondary clearfix" id="user_blockinstance_132042">
    
        <div class="block-header d-none">
    
        <a class="commentlink" href="#" title="">
        
            
                <span class="icon icon-plus" title="Commentaires et les détails"></span>
                Ajouter un commentaire
                <span class="bh-margin-left icon icon-search-plus"></span>
                Détails
            
        
        </a>
    
</div>

    
    
    
        <h2 class="title card-header js-heading">
            

            <span class="collapse-inline">
                bloc image
                
            </span>

            

        </h2>
    

    <div class="block" id="user_blockinstance_132042_target">
        
        
            <div class="imageblock card-body">
    <div class="image">
        
        <a class="modal_link" href="#">
            <img rel="leap2:has_part" href="portfolio:artefact86419" alt="silou.png" title="silou.png" />
        </a>
        
    </div>

    
</div>

        
    </div>
</div>
</div><div id="user_block_132094"><div class="bt-externalvideo gridstackblock card card-secondary card-brand clearfix" id="user_blockinstance_132094">
    
    
    
        <h2 class="title card-header js-heading">
            

            <span class="collapse-inline">
                Emplacement
                
            </span>

            

        </h2>
    

    <div class="block" id="user_blockinstance_132094_target">
        
        
            <div class="mediaplayer-container text-center card-body">
  <div id="user_vid_132094" class="mediaplayer" style="margin:0 auto;">
    <iframe class="externalvideoiframe" width="560" height="349" src="https://www.youtube.com/embed/H-MJvWOdB08?start=" allowfullscreen="1"></iframe>
    
  </div>
</div>

        
    </div>
</div>
</div><div id="user_block_132173"><div class="bt-externalvideo gridstackblock card card-secondary card-brand clearfix" id="user_blockinstance_132173">
    
    
    
        <h2 class="title card-header js-heading">
            

            <span class="collapse-inline">
                Emplacement
                
            </span>

            

        </h2>
    

    <div class="block" id="user_blockinstance_132173_target">
        
        
            <div class="mediaplayer-container text-center card-body">
  <div id="user_vid_132173" class="mediaplayer" style="margin:0 auto;">
    <a class="embedly-card" href="https://www.matchendirect.fr/statistique/liverpool-fc-contre-manchester-city.html"></a>
    
  </div>
</div>

        
    </div>
</div>
</div></div></div></content>
        <rdf:type rdf:resource="leap2:selection"/>

        <link rel="leap2:has_part" href="portfolio:artefact86419"/>


        <category term="Webpage" scheme="categories:selection_type#"/>





        <mahara:view mahara:newlayout="1" mahara:type="portfolio" mahara:ownerformat="6">
        
            
            <mahara:blockinstance mahara:blocktype="text" mahara:blocktitle="presentation" mahara:positionx="1" mahara:positiony="0" mahara:height="14" mahara:width="4">
                
                    
                    <mahara:text>[&quot;&lt;p&gt;&lt;em&gt;&lt;strong&gt;1er bloc page decouverte mahara&lt;\/strong&gt;&lt;\/em&gt;&lt;\/p&gt;\r\n&lt;ol&gt;\r\n&lt;li&gt;&lt;em&gt;&lt;strong&gt;item&lt;\/strong&gt;&lt;\/em&gt;&lt;\/li&gt;\r\n&lt;li&gt;&lt;em&gt;&lt;strong&gt;item&lt;\/strong&gt;&lt;\/em&gt;&lt;\/li&gt;\r\n&lt;li&gt;&lt;em&gt;&lt;strong&gt;item&lt;\/strong&gt;&lt;\/em&gt;&lt;\/li&gt;\r\n&lt;\/ol&gt;&quot;]</mahara:text>
                    
                
                    
                    <mahara:instructions></mahara:instructions>
                    
                
                
                
            </mahara:blockinstance>
            
            <mahara:blockinstance mahara:blocktype="image" mahara:blocktitle="bloc image" mahara:positionx="6" mahara:positiony="0" mahara:height="29" mahara:width="4">
                
                    
                    <mahara:artefactid>[&quot;portfolio:artefact86419&quot;]</mahara:artefactid>
                    
                
                    
                    <mahara:showdescription>[false]</mahara:showdescription>
                    
                
                    
                    <mahara:width>[&quot;&quot;]</mahara:width>
                    
                
                    
                    <mahara:retractable>[0]</mahara:retractable>
                    
                
                    
                    <mahara:retractedonload>[0]</mahara:retractedonload>
                    
                
                
                
            </mahara:blockinstance>
            
            <mahara:blockinstance mahara:blocktype="externalvideo" mahara:blocktitle="Emplacement" mahara:positionx="0" mahara:positiony="14" mahara:height="31" mahara:width="4">
                
                    
                    <mahara:videoid>[&quot;&lt;iframe class=\&quot;externalvideoiframe\&quot; width=\&quot;560\&quot; height=\&quot;349\&quot; src=\&quot;https:\/\/www.youtube.com\/embed\/H-MJvWOdB08?start=\&quot; allowfullscreen=\&quot;1\&quot;&gt;&lt;\/iframe&gt;&quot;]</mahara:videoid>
                    
                
                    
                    <mahara:width>[560]</mahara:width>
                    
                
                    
                    <mahara:height>[349]</mahara:height>
                    
                
                    
                    <mahara:tags>[null]</mahara:tags>
                    
                
                    
                    <mahara:retractable>[0]</mahara:retractable>
                    
                
                    
                    <mahara:retractedonload>[0]</mahara:retractedonload>
                    
                
                    
                    <mahara:html>[&quot;&lt;iframe class=\&quot;externalvideoiframe\&quot; width=\&quot;560\&quot; height=\&quot;349\&quot; src=\&quot;https:\/\/www.youtube.com\/embed\/H-MJvWOdB08?start=\&quot; allowfullscreen=\&quot;1\&quot;&gt;&lt;\/iframe&gt;&quot;]</mahara:html>
                    
                
                
                
            </mahara:blockinstance>
            
            <mahara:blockinstance mahara:blocktype="externalvideo" mahara:blocktitle="Emplacement" mahara:positionx="0" mahara:positiony="45" mahara:height="3" mahara:width="4">
                
                    
                    <mahara:videoid>[&quot;&lt;a class=\&quot;embedly-card\&quot; href=\&quot;https:\/\/www.matchendirect.fr\/statistique\/liverpool-fc-contre-manchester-city.html\&quot;&gt;&lt;\/a&gt;&quot;]</mahara:videoid>
                    
                
                    
                    <mahara:width>[640]</mahara:width>
                    
                
                    
                    <mahara:height>[480]</mahara:height>
                    
                
                    
                    <mahara:tags>[null]</mahara:tags>
                    
                
                    
                    <mahara:retractable>[0]</mahara:retractable>
                    
                
                    
                    <mahara:retractedonload>[0]</mahara:retractedonload>
                    
                
                    
                    <mahara:html>[&quot;&lt;a class=\&quot;embedly-card\&quot; href=\&quot;https:\/\/www.matchendirect.fr\/statistique\/liverpool-fc-contre-manchester-city.html\&quot;&gt;&lt;\/a&gt;&quot;]</mahara:html>
                    
                
                
                
            </mahara:blockinstance>
            
        
        </mahara:view>
    </entry>

    <entry>
        <title>CV</title>
        <id>portfolio:view31143</id>

        <updated>2022-09-27T11:11:54+02:00</updated>
        <published>2022-09-27T09:09:48+02:00</published>

        <summary type="xhtml"><div xmlns="http://www.w3.org/1999/xhtml"><div></div></div></summary>

   <subtitle type="xhtml"><div xmlns="http://www.w3.org/1999/xhtml"><div></div></div></subtitle>
        <content type="xhtml"><div xmlns="http://www.w3.org/1999/xhtml"><div><div id="user_block_133689"><div class="bt-profileinfo gridstackblock card card-secondary card-regular clearfix" id="user_blockinstance_133689">
    
    
    
        <h2 class="title card-header js-heading">
            

            <span class="collapse-inline">
                ME
                
            </span>

            

        </h2>
    

    <div class="block" id="user_blockinstance_133689_target">
        
        
            
    
    <div class="card-body flush">
    
    
    
    
        <ul class="unstyled profile-info">
        
            <li><strong>Prénom:</strong> Ethan</li>
        
            <li><strong>Nom:</strong> LEVY</li>
        
            <li><strong>Identifiant étudiant:</strong> u32206376</li>
        
            <li><strong>Nom préféré:</strong> Ethan Levy</li>
        
            <li><strong>Adresse de courriel:</strong> <a href="mailto:ethan1.levy@etu.u-pec.fr">ethan1.levy@etu.u-pec.fr</a></li>
        
        </ul>
    
    
    
    
    </div>
    


        
    </div>
</div>
</div><div id="user_block_133695"><div class="bt-image gridstackblock card card-secondary clearfix" id="user_blockinstance_133695">
    
        <div class="block-header d-none">
    
        <a class="commentlink" href="#" title="">
        
            
                <span class="icon icon-plus" title="Commentaires et les détails"></span>
                Ajouter un commentaire
                <span class="bh-margin-left icon icon-search-plus"></span>
                Détails
            
        
        </a>
    
</div>

    
    
    
        <h2 class="title card-header js-heading">
            

            <span class="collapse-inline">
                IMAGE
                
            </span>

            

        </h2>
    

    <div class="block" id="user_blockinstance_133695_target">
        
        
            <div class="imageblock card-body">
    <div class="image">
        
        <a class="modal_link" href="#">
            <img rel="leap2:has_part" href="portfolio:artefact87819" alt="DIPLOM.jpg" title="DIPLOM.jpg" />
        </a>
        
    </div>

    
</div>

        
    </div>
</div>
</div><div id="user_block_133697"><div class="bt-placeholder gridstackblock card card-secondary clearfix" id="user_blockinstance_133697">
    
    
    
        <h2 class="title card-header js-heading">
            

            <span class="collapse-inline">
                CV VIDEO
                
            </span>

            

        </h2>
    

    <div class="block" id="user_blockinstance_133697_target">
        
        
            <p class="content-text lead">Veuillez configurer le bloc pour déterminer quel type de bloc est accepté ici.</p>
        
    </div>
</div>
</div><div id="user_block_133605"><div class="bt-entireresume gridstackblock card card-secondary clearfix" id="user_blockinstance_133605">
    
    
    
        <h2 class="title card-header js-heading">
            

            <span class="collapse-inline">
                CV
                
            </span>

            

        </h2>
    

    <div class="block" id="user_blockinstance_133605_target">
        
        
            
<div class="list-group">
    

    
    <div class="list-group-item flush">
        <h3 class="title">Centres d'intérêt</h3>
        
    <div class="card-body flush">
        <ul>
<li>L informatique </li>
<li>Le sport (football et basket-ball)</li>
<li>La musique </li>
<li>Jeux-vidéos</li>
</ul>
    </div>


    </div>
    

    

    
    <div class="list-group-item flush">
        <h3 class="title">Informations personnelles</h3>
        <div class="card-body flush">
    <table class="table resumepersonalinfo profile-info">
    
        
        <tr>
            <th>Date de naissance</th>
            <td>18 November 2004</td>
        </tr>
        
    
        
        <tr>
            <th>Lieu de naissance</th>
            <td>Ivry-Sur-Seine</td>
        </tr>
        
    
        
        <tr>
            <th>Citoyenneté</th>
            <td>Français</td>
        </tr>
        
    
        
    
        
        <tr>
            <th>Sexe</th>
            <td>Homme</td>
        </tr>
        
    
        
        <tr>
            <th>Etat civil</th>
            <td>Celibataire</td>
        </tr>
        
    
    </table>
    
</div>

    </div>
    

    
        <div class="list-group-item flush">
            
            <div class="resume-content">
                <h3 class="title">Objectifs personnels</h3>
                <div class="card-body flush">
<p>J'ai pour objectif d'intégrer une école d'ingénieur après obtention de mon DUT Réseaux et Télécommunications, afin d approfondir mes compétences et connaissances dans le domaine du réseau .Par la suite je souhaiterai m orienter dans les domaines de la cybersécurité ou du télécoms et réseaux</p>


</div>

            </div>
            

            
            <div class="resume-content">
                <h3 class="title">Objectifs académiques</h3>
                <div class="card-body flush">
<p>Réussir ma formation</p>


</div>

            </div>
            

            
            <div class="resume-content">
                <h3 class="title">Objectifs de carrière</h3>
                <div class="card-body flush">
<p>Diplôme d'ingénieur de l'École d'ingénieurs en génie des systèmes industriels</p>


</div>

            </div>
            

        </div>
    

    
        <div class="list-group-item flush">
            
            <div class="resume-content">
                <h3 class="title">Compétences personnelles</h3>
                <div class="card-body flush">
<ul>
<li>-Capacité d'adaptation </li>
<li>-Attentif</li>
<li>-Adaptabilité </li>
<li>-Compétences en informatique</li>
<li>-Aptitudes à la résolution de problèmes</li>
<li>-Curiosité</li>
</ul>


</div>

            </div>
            

            
            <div class="resume-content">
                <h3 class="title">Compétences académiques</h3>
                <div class="card-body flush">
<p>Compréhension du language : </p>
<ul>
<li><strong>C++</strong></li>
<li>
<h6><strong>JavaScript</strong></h6>
</li>
<li>
<h6><strong>PHP</strong></h6>
</li>
</ul>
<p>LVA : Anglais(niveau intermédiaire)</p>
<p>LVB : Espagnole(niveau intermédiaire) </p>


</div>

            </div>
            

            
        </div>
    

    
        <div class="list-group-item flush">
            
            <div class="resume-content">
                <h3 class="title">Historique des emplois</h3>
                

<div id="user_employmenthistorylist_66d4" class="list-group list-group-lite list-group-top-border">
    
    <div class="list-group-item flush-collapsible">
        
            <h4 class="list-group-item-heading">
                <a href="#employment-content-662" class="text-left collapsed collapsible">
                    Stagiaire  à Groupe ADP
                    <span class="icon icon-chevron-down float-right collapse-indicator"></span>
                </a>
            </h4>
        

        <span class="text-small text-muted">
            2017
            
        </span>

        <div id="user_employment-content-662" class="collapse resume-content">
            
            <p class="content-text">
                </p><p>J ai effectue mon stage de 3eme au sein du groupe ADP a l aéroport d Orly. Pendant le stage, j ai pu observe de nombreux métier au sein de l aéroport (pompier de l air , Agent d’escale commercial / Agent d'enregistrement, Agent de sûreté aéroportuaire et Responsable d'exploitation aéroportuaire).</p>
<div class="addthis">
<div class="addthis_toolbox addthis_default_style"><a class="addthis_button_facebook at300b" title="Facebook" href="https://www.aerocontact.com/formations_metiers_aeronautique/metier-responsable-d-exploitation-aeroportuaire~183.html"></a><a class="addthis_button_twitter at300b" title="Tweet" href="https://www.aerocontact.com/formations_metiers_aeronautique/metier-responsable-d-exploitation-aeroportuaire~183.html"></a><a class="addthis_button_email at300b" title="Email" href="https://www.aerocontact.com/formations_metiers_aeronautique/metier-responsable-d-exploitation-aeroportuaire~183.html" target="_blank" rel="noreferrer noopener"></a><a class="addthis_button_compact at300m" href="https://www.aerocontact.com/formations_metiers_aeronautique/metier-responsable-d-exploitation-aeroportuaire~183.html"></a>
<div class="atclear"> </div>
</div>
</div>
            
            

            

            
        </div>
    </div>
    
</div>


            </div>
            

            
            <div class="resume-content">
                <h3 class="title">Historique de formation</h3>
                

<div id="user_educationhistorylist_304f" class="list-group list-group-lite list-group-top-border">
    
    <div class="list-group-item flush-collapsible">
        
            <h3 class="list-group-item-heading">
                <a href="#education-content-955" class="text-left collapsed collapsible">
                    BAC  à Lycée Polyvalent Adolphe Chérioux
                    <span class="icon icon-chevron-down float-right collapse-indicator"></span>
                </a>
            </h3>
        

        <span class="text-small text-muted">
            2022
            
        </span>

        <div id="user_education-content-955" class="collapse resume-content">
            
            <p class="content-text">
                </p><p>BAC STI2D : sans mention</p>
            
            

            
                <span class="text-small text-muted">
                    Adresse : Vitry-Sur-Seine
                </span>
            

            
        </div>
    </div>
    
</div>


            </div>
            
        </div>
    


    

    

    
</div>


        
    </div>
</div>
</div></div></div></content>
        <rdf:type rdf:resource="leap2:selection"/>

        <link rel="leap2:has_part" href="portfolio:artefact86314"/>
        <link rel="leap2:has_part" href="portfolio:artefact86315"/>
        <link rel="leap2:has_part" href="portfolio:artefact86316"/>
        <link rel="leap2:has_part" href="portfolio:artefact86317"/>
        <link rel="leap2:has_part" href="portfolio:artefact87643"/>
        <link rel="leap2:has_part" href="portfolio:artefact87731"/>
        <link rel="leap2:has_part" href="portfolio:artefact87756"/>
        <link rel="leap2:has_part" href="portfolio:artefact87753"/>
        <link rel="leap2:has_part" href="portfolio:artefact87760"/>
        <link rel="leap2:has_part" href="portfolio:artefact87734"/>
        <link rel="leap2:has_part" href="portfolio:artefact87771"/>
        <link rel="leap2:has_part" href="portfolio:artefact87781"/>
        <link rel="leap2:has_part" href="portfolio:artefact87804"/>
        <link rel="leap2:has_part" href="portfolio:artefact87819"/>


        <category term="Webpage" scheme="categories:selection_type#"/>





        <mahara:view mahara:newlayout="1" mahara:type="portfolio" mahara:ownerformat="6">
        
            
            <mahara:blockinstance mahara:blocktype="profileinfo" mahara:blocktitle="ME" mahara:positionx="0" mahara:positiony="0" mahara:height="14" mahara:width="4">
                
                    
                    <mahara:fields>[[&quot;firstname&quot;,&quot;lastname&quot;,&quot;studentid&quot;,&quot;preferredname&quot;]]</mahara:fields>
                    
                
                    
                    <mahara:email>[&quot;ethan1.levy@etu.u-pec.fr&quot;]</mahara:email>
                    
                
                    
                    <mahara:introtext>[&quot;&quot;]</mahara:introtext>
                    
                
                
                
            </mahara:blockinstance>
            
            <mahara:blockinstance mahara:blocktype="image" mahara:blocktitle="IMAGE" mahara:positionx="4" mahara:positiony="0" mahara:height="19" mahara:width="4">
                
                    
                    <mahara:artefactid>[&quot;portfolio:artefact87819&quot;]</mahara:artefactid>
                    
                
                    
                    <mahara:showdescription>[false]</mahara:showdescription>
                    
                
                    
                    <mahara:width>[&quot;&quot;]</mahara:width>
                    
                
                    
                    <mahara:retractable>[0]</mahara:retractable>
                    
                
                    
                    <mahara:retractedonload>[0]</mahara:retractedonload>
                    
                
                
                
            </mahara:blockinstance>
            
            <mahara:blockinstance mahara:blocktype="placeholder" mahara:blocktitle="CV VIDEO" mahara:positionx="8" mahara:positiony="0" mahara:height="10" mahara:width="4">
                
                    
                    <mahara:tags>[null]</mahara:tags>
                    
                
                    
                    <mahara:retractable>[0]</mahara:retractable>
                    
                
                    
                    <mahara:retractedonload>[0]</mahara:retractedonload>
                    
                
                
                
            </mahara:blockinstance>
            
            <mahara:blockinstance mahara:blocktype="entireresume" mahara:blocktitle="CV" mahara:positionx="0" mahara:positiony="19" mahara:height="140" mahara:width="7">
                
                    
                    <mahara:tags>[null]</mahara:tags>
                    
                
                    
                    <mahara:retractable>[0]</mahara:retractable>
                    
                
                    
                    <mahara:retractedonload>[0]</mahara:retractedonload>
                    
                
                
                
            </mahara:blockinstance>
            
        
        </mahara:view>
    </entry>

    <entry>
        <title>Journal de Ethan Levy</title>
        <id>portfolio:artefact86319</id>

        <updated>2022-09-20T16:04:30+02:00</updated>
        <published>2022-09-20T16:04:30+02:00</published>




        <content type="xhtml"><div xmlns="http://www.w3.org/1999/xhtml"><div></div></div></content>
        <rdf:type rdf:resource="leap2:selection"/>
        <mahara:artefactplugin mahara:type="blog" mahara:plugin="blog"/>
        <link rel="leap2:has_part" href="portfolio:artefact88260"/>


        <category term="Blog" scheme="categories:selection_type#"/>




    </entry>


    <entry>
        <title>Images de couverture</title>
        <id>portfolio:artefact86401</id>

        <updated>2022-09-20T16:04:34+02:00</updated>
        <published>2022-09-20T16:04:34+02:00</published>




        <content></content>
        <rdf:type rdf:resource="leap2:selection"/>
        <mahara:artefactplugin mahara:type="folder" mahara:plugin="file"/>


        <category term="Folder" scheme="categories:selection_type#"/>




    </entry>


    <entry>
        <title>silou.png</title>
        <id>portfolio:artefact86419</id>

        <updated>2022-09-20T16:04:30+02:00</updated>
        <published>2022-09-20T16:04:30+02:00</published>




        <content type="xhtml"><div xmlns="http://www.w3.org/1999/xhtml"><div></div></div></content>
        <rdf:type rdf:resource="leap2:resource"/>
        <mahara:artefactplugin mahara:type="image" mahara:plugin="file"/>
        <link rel="enclosure" type="image/png" href="export_info/files/86419-silou.png"/>
        <link rel="leap2:is_part_of" href="portfolio:view30808"/>


        <category term="Offline" scheme="categories:resource_type#" label="File"/>




    </entry>


    <entry>
        <title>Historique de formation</title>
        <id>portfolio:artefact87731</id>

        <updated>2022-09-27T10:10:37+02:00</updated>
        <published>2022-09-27T10:10:56+02:00</published>




        <content></content>
        <rdf:type rdf:resource="leap2:selection"/>
        <mahara:artefactplugin mahara:type="educationhistory" mahara:plugin="resume"/>
        <link rel="leap2:has_part" href="portfolio:resumecomposite-87731-child-955" leap2:display_order="1"/>


        <category term="Grouping" scheme="categories:selection_type#"/>




    </entry>


    <entry>
        <title>BAC </title>
        <id>portfolio:resumecomposite-87731-child-955</id>

        <updated>2022-09-27T10:10:37+02:00</updated>





        <content>&lt;p&gt;BAC STI2D : sans mention&lt;/p&gt;</content>
        <rdf:type rdf:resource="leap2:activity"/>
        <mahara:artefactplugin mahara:type="pseudo:educationhistory" mahara:plugin="resume"/>
        <link rel="leap2:is_part_of" href="portfolio:artefact87731" leap2:display_order="1"/>
        <link rel="leap2:supported_by" href="portfolio:resumesibling-87731-sibling-955-rel-supports"/>
        <link rel="leap2:supports" href="portfolio:resumesibling-87731-sibling-955-rel-supported_by"/>


        <category term="Education" scheme="categories:life_area#"/>






        <leap2:date leap2:point="start" leap2:label="2022"></leap2:date>


    </entry>

    <entry>
        <title>Lycée Polyvalent Adolphe Chérioux</title>
        <id>portfolio:resumesibling-87731-sibling-955-rel-supports</id>

        <updated>2022-09-27T10:10:37+02:00</updated>





        <content></content>
        <rdf:type rdf:resource="leap2:organization"/>
        <mahara:artefactplugin mahara:type="pseudo:educationhistory" mahara:plugin="resume"/>
        <link rel="leap2:supports" href="portfolio:resumecomposite-87731-child-955"/>










    </entry>

    <entry>
        <title></title>
        <id>portfolio:resumesibling-87731-sibling-955-rel-supported_by</id>

        <updated>2022-09-27T10:10:37+02:00</updated>





        <content>BAC </content>
        <rdf:type rdf:resource="leap2:achievement"/>
        <mahara:artefactplugin mahara:type="pseudo:educationhistory" mahara:plugin="resume"/>
        <link rel="leap2:supported_by" href="portfolio:resumecomposite-87731-child-955"/>










    </entry>

    <entry>
        <title>Objectifs personnels</title>
        <id>portfolio:artefact87734</id>

        <updated>2022-09-27T10:10:02+02:00</updated>
        <published>2022-09-27T10:10:05+02:00</published>




        <content type="xhtml"><div xmlns="http://www.w3.org/1999/xhtml"><div><p>J'ai pour objectif d'intégrer une école d'ingénieur après obtention de mon DUT Réseaux et Télécommunications, afin d approfondir mes compétences et connaissances dans le domaine du réseau .Par la suite je souhaiterai m orienter dans les domaines de la cybersécurité ou du télécoms et réseaux</p></div></div></content>
        <rdf:type rdf:resource="leap2:entry"/>
        <mahara:artefactplugin mahara:type="personalgoal" mahara:plugin="resume"/>
        <link rel="leap2:is_part_of" href="portfolio:view31143"/>






    </entry>


    <entry>
        <title>Objectifs académiques</title>
        <id>portfolio:artefact87753</id>

        <updated>2022-09-27T10:10:55+02:00</updated>
        <published>2022-09-27T10:10:23+02:00</published>




        <content type="xhtml"><div xmlns="http://www.w3.org/1999/xhtml"><div><p>Réussir ma formation</p></div></div></content>
        <rdf:type rdf:resource="leap2:entry"/>
        <mahara:artefactplugin mahara:type="academicgoal" mahara:plugin="resume"/>
        <link rel="leap2:is_part_of" href="portfolio:view31143"/>






    </entry>


    <entry>
        <title>Compétences personnelles</title>
        <id>portfolio:artefact87756</id>

        <updated>2022-09-27T10:10:00+02:00</updated>
        <published>2022-09-27T10:10:03+02:00</published>




        <content type="xhtml"><div xmlns="http://www.w3.org/1999/xhtml"><div><ul>
<li>-Capacité d'adaptation </li>
<li>-Attentif</li>
<li>-Adaptabilité </li>
<li>-Compétences en informatique</li>
<li>-Aptitudes à la résolution de problèmes</li>
<li>-Curiosité</li>
</ul></div></div></content>
        <rdf:type rdf:resource="leap2:ability"/>
        <mahara:artefactplugin mahara:type="personalskill" mahara:plugin="resume"/>
        <link rel="leap2:is_part_of" href="portfolio:view31143"/>






    </entry>


    <entry>
        <title>Compétences académiques</title>
        <id>portfolio:artefact87760</id>

        <updated>2022-09-27T10:10:31+02:00</updated>
        <published>2022-09-27T10:10:53+02:00</published>




        <content type="xhtml"><div xmlns="http://www.w3.org/1999/xhtml"><div><p>Compréhension du language : </p>
<ul>
<li><strong>C++</strong></li>
<li>
<h6><strong>JavaScript</strong></h6>
</li>
<li>
<h6><strong>PHP</strong></h6>
</li>
</ul>
<p>LVA : Anglais(niveau intermédiaire)</p>
<p>LVB : Espagnole(niveau intermédiaire) </p></div></div></content>
        <rdf:type rdf:resource="leap2:ability"/>
        <mahara:artefactplugin mahara:type="academicskill" mahara:plugin="resume"/>
        <link rel="leap2:is_part_of" href="portfolio:view31143"/>






    </entry>


    <entry>
        <title>Objectifs de carrière</title>
        <id>portfolio:artefact87771</id>

        <updated>2022-09-27T10:10:18+02:00</updated>
        <published>2022-09-27T10:10:39+02:00</published>




        <content type="xhtml"><div xmlns="http://www.w3.org/1999/xhtml"><div><p>Diplôme d'ingénieur de l'École d'ingénieurs en génie des systèmes industriels</p></div></div></content>
        <rdf:type rdf:resource="leap2:entry"/>
        <mahara:artefactplugin mahara:type="careergoal" mahara:plugin="resume"/>
        <link rel="leap2:is_part_of" href="portfolio:view31143"/>






    </entry>


    <entry>
        <title>Centres d&#039;intérêt</title>
        <id>portfolio:artefact87781</id>

        <updated>2022-09-27T10:10:08+02:00</updated>
        <published>2022-09-27T10:10:41+02:00</published>




        <content type="xhtml"><div xmlns="http://www.w3.org/1999/xhtml"><div><ul>
<li>L informatique </li>
<li>Le sport (football et basket-ball)</li>
<li>La musique </li>
<li>Jeux-vidéos</li>
</ul></div></div></content>
        <rdf:type rdf:resource="leap2:entry"/>
        <mahara:artefactplugin mahara:type="interest" mahara:plugin="resume"/>
        <link rel="leap2:is_part_of" href="portfolio:view31143"/>






    </entry>


    <entry>
        <title>Historique des emplois</title>
        <id>portfolio:artefact87804</id>

        <updated>2022-09-27T11:11:16+02:00</updated>
        <published>2022-09-27T11:11:16+02:00</published>




        <content></content>
        <rdf:type rdf:resource="leap2:selection"/>
        <mahara:artefactplugin mahara:type="employmenthistory" mahara:plugin="resume"/>
        <link rel="leap2:has_part" href="portfolio:resumecomposite-87804-child-662" leap2:display_order="1"/>


        <category term="Grouping" scheme="categories:selection_type#"/>




    </entry>


    <entry>
        <title>Stagiaire </title>
        <id>portfolio:resumecomposite-87804-child-662</id>

        <updated>2022-09-27T11:11:16+02:00</updated>





        <content>&lt;p&gt;J ai effectue mon stage de 3eme au sein du groupe ADP a l a&amp;eacute;roport d Orly. Pendant le stage, j ai pu observe de nombreux m&amp;eacute;tier au sein de l a&amp;eacute;roport (pompier de l air , Agent d&amp;rsquo;escale commercial / Agent d&#039;enregistrement, Agent de s&amp;ucirc;ret&amp;eacute; a&amp;eacute;roportuaire et Responsable d&#039;exploitation a&amp;eacute;roportuaire).&lt;/p&gt;
&lt;div class=&quot;addthis&quot;&gt;
&lt;div class=&quot;addthis_toolbox addthis_default_style&quot;&gt;&lt;a class=&quot;addthis_button_facebook at300b&quot; title=&quot;Facebook&quot; href=&quot;https://www.aerocontact.com/formations_metiers_aeronautique/metier-responsable-d-exploitation-aeroportuaire~183.html&quot;&gt;&lt;/a&gt;&lt;a class=&quot;addthis_button_twitter at300b&quot; title=&quot;Tweet&quot; href=&quot;https://www.aerocontact.com/formations_metiers_aeronautique/metier-responsable-d-exploitation-aeroportuaire~183.html&quot;&gt;&lt;/a&gt;&lt;a class=&quot;addthis_button_email at300b&quot; title=&quot;Email&quot; href=&quot;https://www.aerocontact.com/formations_metiers_aeronautique/metier-responsable-d-exploitation-aeroportuaire~183.html&quot; target=&quot;_blank&quot; rel=&quot;noopener&quot;&gt;&lt;/a&gt;&lt;a class=&quot;addthis_button_compact at300m&quot; href=&quot;https://www.aerocontact.com/formations_metiers_aeronautique/metier-responsable-d-exploitation-aeroportuaire~183.html&quot;&gt;&lt;/a&gt;
&lt;div class=&quot;atclear&quot; tabindex=&quot;1000&quot;&gt;&amp;nbsp;&lt;/div&gt;
&lt;/div&gt;
&lt;/div&gt;</content>
        <rdf:type rdf:resource="leap2:activity"/>
        <mahara:artefactplugin mahara:type="pseudo:employmenthistory" mahara:plugin="resume"/>
        <link rel="leap2:is_part_of" href="portfolio:artefact87804" leap2:display_order="1"/>
        <link rel="leap2:supported_by" href="portfolio:resumesibling-87804-sibling-662-rel-supports"/>


        <category term="Work" scheme="categories:life_area#"/>






        <leap2:date leap2:point="start" leap2:label="2017"></leap2:date>


    </entry>

    <entry>
        <title>Groupe ADP</title>
        <id>portfolio:resumesibling-87804-sibling-662-rel-supports</id>

        <updated>2022-09-27T11:11:16+02:00</updated>





        <content></content>
        <rdf:type rdf:resource="leap2:organization"/>
        <mahara:artefactplugin mahara:type="pseudo:employmenthistory" mahara:plugin="resume"/>
        <link rel="leap2:supports" href="portfolio:resumecomposite-87804-child-662"/>










    </entry>

    <entry>
        <title>DIPLOM.jpg</title>
        <id>portfolio:artefact87819</id>

        <updated>2022-09-27T11:11:14+02:00</updated>
        <published>2022-09-27T11:11:14+02:00</published>




        <content type="xhtml"><div xmlns="http://www.w3.org/1999/xhtml"><div></div></div></content>
        <rdf:type rdf:resource="leap2:resource"/>
        <mahara:artefactplugin mahara:type="image" mahara:plugin="file"/>
        <link rel="enclosure" type="image/jpeg" href="export_info/files/87819-DIPLOM.jpg"/>
        <link rel="leap2:is_part_of" href="portfolio:view31143"/>


        <category term="Offline" scheme="categories:resource_type#" label="File"/>




    </entry>


    <entry>
        <title>lun 26/09</title>
        <id>portfolio:artefact88260</id>

        <updated>2022-10-03T12:12:42+02:00</updated>
        <published>2022-10-03T12:12:42+02:00</published>




        <content type="xhtml"><div xmlns="http://www.w3.org/1999/xhtml"><div><p>aujourd'hui j ai avance sur ma page "cv", il manque encore la vidéo de présentation</p></div></div></content>
        <rdf:type rdf:resource="leap2:entry"/>
        <mahara:artefactplugin mahara:type="blogpost" mahara:plugin="blog"/>
        <link rel="leap2:is_part_of" href="portfolio:artefact86319"/>






    </entry>


    <entry>
        <title>Ethan Levy</title>
        <id>portfolio:artefactinternal</id>

        <updated>2022-09-20T16:04:30+02:00</updated>





        <content></content>
        <rdf:type rdf:resource="leap2:person"/>
        <mahara:artefactplugin mahara:type="internal" mahara:plugin="internal"/>


        <category term="Self" scheme="categories:person_type#"/>






        <leap2:persondata
            mahara:artefactplugin="internal"
            mahara:artefacttype="email"

            leap2:field="email"

            leap2:label="Adresse de courriel"

        >ethan1.levy@etu.u-pec.fr</leap2:persondata>

        <leap2:persondata
            mahara:artefactplugin="internal"
            mahara:artefacttype="firstname"

            leap2:field="legal_given_name"

            leap2:label="Prénom"

        >Ethan</leap2:persondata>

        <leap2:persondata
            mahara:artefactplugin="internal"
            mahara:artefacttype="lastname"

            leap2:field="legal_family_name"

            leap2:label="Nom"

        >LEVY</leap2:persondata>

        <leap2:persondata
            mahara:artefactplugin="internal"
            mahara:artefacttype="preferredname"

            leap2:field="preferred_given_name"

            leap2:label="Nom préféré"

        >Ethan Levy</leap2:persondata>

        <leap2:persondata
            mahara:artefactplugin="internal"
            mahara:artefacttype="studentid"

            leap2:field="other"

            leap2:label="Identifiant étudiant"

        >u32206376</leap2:persondata>

        <leap2:persondata
            mahara:artefactplugin="resume"
            mahara:artefacttype="personalinformation/dateofbirth"

            leap2:field="dob"

            leap2:label="Date de naissance"

        >2004-11-18T00:12:00+01:00</leap2:persondata>

        <leap2:persondata
            mahara:artefactplugin="resume"
            mahara:artefacttype="personalinformation/placeofbirth"

            leap2:field="other" mahara:field="placeofbirth"

            leap2:label="Lieu de naissance"

        >Ivry-Sur-Seine</leap2:persondata>

        <leap2:persondata
            mahara:artefactplugin="resume"
            mahara:artefacttype="personalinformation/citizenship"

            leap2:field="other" mahara:field="citizenship"

            leap2:label="Citoyenneté"

        >Français</leap2:persondata>

        <leap2:persondata
            mahara:artefactplugin="resume"
            mahara:artefacttype="personalinformation/gender"

            leap2:field="gender"

            leap2:label="[[gender/artefact.resume]]"

        >1</leap2:persondata>

        <leap2:persondata
            mahara:artefactplugin="resume"
            mahara:artefacttype="personalinformation/maritalstatus"

            leap2:field="other" mahara:field="maritalstatus"

            leap2:label="Etat civil"

        >Celibataire</leap2:persondata>


    </entry>

</feed>
